INSERT INTO `acos` (`id`, `parent_id`, `model`, `foreign_key`, `alias`, `lft`, `rght`) VALUES
(1, 0, '', 0, 'controllers', 1, 992),
(2, 1, '', 0, 'Pages', 2, 21),
(3, 2, '', 0, 'admin_index', 3, 4),
(4, 2, '', 0, 'admin_add', 5, 6),
(5, 2, '', 0, 'admin_edit', 7, 8),
(6, 2, '', 0, 'admin_getPlugins', 9, 10),
(7, 2, '', 0, 'admin_getControllers', 11, 12),
(8, 2, '', 0, 'admin_getActions', 13, 14),
(9, 2, '', 0, 'admin_mass', 15, 16),
(10, 2, '', 0, 'admin_reorder', 17, 18),
(11, 2, '', 0, 'admin_commentPurge', 19, 20),
(12, 1, '', 0, 'Blog', 22, 51),
(13, 12, '', 0, 'Posts', 23, 50),
(14, 13, '', 0, 'index', 24, 25),
(15, 13, '', 0, 'view', 26, 27),
(16, 13, '', 0, 'admin_dashboard', 28, 29),
(17, 13, '', 0, 'admin_index', 30, 31),
(18, 13, '', 0, 'admin_add', 32, 33),
(19, 13, '', 0, 'admin_edit', 34, 35),
(20, 13, '', 0, 'admin_view', 36, 37),
(21, 13, '', 0, 'admin_getPlugins', 38, 39),
(22, 13, '', 0, 'admin_getControllers', 40, 41),
(23, 13, '', 0, 'admin_getActions', 42, 43),
(24, 13, '', 0, 'admin_mass', 44, 45),
(25, 13, '', 0, 'admin_reorder', 46, 47),
(26, 13, '', 0, 'admin_commentPurge', 48, 49),
(27, 1, '', 0, 'Cms', 52, 139),
(28, 27, '', 0, 'Contents', 53, 78),
(29, 28, '', 0, 'index', 54, 55),
(30, 28, '', 0, 'view', 56, 57),
(31, 28, '', 0, 'admin_index', 58, 59),
(32, 28, '', 0, 'admin_view', 60, 61),
(33, 28, '', 0, 'admin_add', 62, 63),
(34, 28, '', 0, 'admin_edit', 64, 65),
(35, 28, '', 0, 'admin_getPlugins', 66, 67),
(36, 28, '', 0, 'admin_getControllers', 68, 69),
(37, 28, '', 0, 'admin_getActions', 70, 71),
(38, 28, '', 0, 'admin_mass', 72, 73),
(39, 28, '', 0, 'admin_reorder', 74, 75),
(40, 28, '', 0, 'admin_commentPurge', 76, 77),
(41, 27, '', 0, 'Features', 79, 98),
(42, 41, '', 0, 'index', 80, 81),
(43, 41, '', 0, 'admin_index', 82, 83),
(44, 41, '', 0, 'admin_add', 84, 85),
(45, 41, '', 0, 'admin_getPlugins', 86, 87),
(46, 41, '', 0, 'admin_getControllers', 88, 89),
(47, 41, '', 0, 'admin_getActions', 90, 91),
(48, 41, '', 0, 'admin_mass', 92, 93),
(49, 41, '', 0, 'admin_reorder', 94, 95),
(50, 41, '', 0, 'admin_commentPurge', 96, 97),
(51, 27, '', 0, 'Frontpages', 99, 118),
(52, 51, '', 0, 'index', 100, 101),
(53, 51, '', 0, 'admin_index', 102, 103),
(54, 51, '', 0, 'admin_add', 104, 105),
(55, 51, '', 0, 'admin_getPlugins', 106, 107),
(56, 51, '', 0, 'admin_getControllers', 108, 109),
(57, 51, '', 0, 'admin_getActions', 110, 111),
(58, 51, '', 0, 'admin_mass', 112, 113),
(59, 51, '', 0, 'admin_reorder', 114, 115),
(60, 51, '', 0, 'admin_commentPurge', 116, 117),
(61, 27, '', 0, 'Layouts', 119, 138),
(62, 61, '', 0, 'admin_index', 120, 121),
(63, 61, '', 0, 'admin_add', 122, 123),
(64, 61, '', 0, 'admin_edit', 124, 125),
(65, 61, '', 0, 'admin_getPlugins', 126, 127),
(66, 61, '', 0, 'admin_getControllers', 128, 129),
(67, 61, '', 0, 'admin_getActions', 130, 131),
(68, 61, '', 0, 'admin_mass', 132, 133),
(69, 61, '', 0, 'admin_reorder', 134, 135),
(70, 61, '', 0, 'admin_commentPurge', 136, 137),
(71, 1, '', 0, 'Contact', 140, 187),
(72, 71, '', 0, 'Branches', 141, 164),
(73, 72, '', 0, 'index', 142, 143),
(74, 72, '', 0, 'view', 144, 145),
(75, 72, '', 0, 'admin_index', 146, 147),
(76, 72, '', 0, 'admin_add', 148, 149),
(77, 72, '', 0, 'admin_edit', 150, 151),
(78, 72, '', 0, 'admin_getPlugins', 152, 153),
(79, 72, '', 0, 'admin_getControllers', 154, 155),
(80, 72, '', 0, 'admin_getActions', 156, 157),
(81, 72, '', 0, 'admin_mass', 158, 159),
(82, 72, '', 0, 'admin_reorder', 160, 161),
(83, 72, '', 0, 'admin_commentPurge', 162, 163),
(84, 71, '', 0, 'Contacts', 165, 186),
(85, 84, '', 0, 'admin_index', 166, 167),
(86, 84, '', 0, 'view', 168, 169),
(87, 84, '', 0, 'admin_add', 170, 171),
(88, 84, '', 0, 'admin_edit', 172, 173),
(89, 84, '', 0, 'admin_getPlugins', 174, 175),
(90, 84, '', 0, 'admin_getControllers', 176, 177),
(91, 84, '', 0, 'admin_getActions', 178, 179),
(92, 84, '', 0, 'admin_mass', 180, 181),
(93, 84, '', 0, 'admin_reorder', 182, 183),
(94, 84, '', 0, 'admin_commentPurge', 184, 185),
(95, 1, '', 0, 'Feed', 188, 229),
(96, 95, '', 0, 'Feeds', 189, 208),
(97, 96, '', 0, 'admin_index', 190, 191),
(98, 96, '', 0, 'admin_add', 192, 193),
(99, 96, '', 0, 'admin_edit', 194, 195),
(100, 96, '', 0, 'admin_getPlugins', 196, 197),
(101, 96, '', 0, 'admin_getControllers', 198, 199),
(102, 96, '', 0, 'admin_getActions', 200, 201),
(103, 96, '', 0, 'admin_mass', 202, 203),
(104, 96, '', 0, 'admin_reorder', 204, 205),
(105, 96, '', 0, 'admin_commentPurge', 206, 207),
(106, 95, '', 0, 'FeedItems', 209, 228),
(107, 106, '', 0, 'admin_index', 210, 211),
(108, 106, '', 0, 'admin_add', 212, 213),
(109, 106, '', 0, 'admin_edit', 214, 215),
(110, 106, '', 0, 'admin_getPlugins', 216, 217),
(111, 106, '', 0, 'admin_getControllers', 218, 219),
(112, 106, '', 0, 'admin_getActions', 220, 221),
(113, 106, '', 0, 'admin_mass', 222, 223),
(114, 106, '', 0, 'admin_reorder', 224, 225),
(115, 106, '', 0, 'admin_commentPurge', 226, 227),
(116, 1, '', 0, 'Filemanager', 230, 251),
(117, 116, '', 0, 'FileManager', 231, 250),
(118, 117, '', 0, 'admin_index', 232, 233),
(119, 117, '', 0, 'admin_view', 234, 235),
(120, 117, '', 0, 'admin_download', 236, 237),
(121, 117, '', 0, 'admin_getPlugins', 238, 239),
(122, 117, '', 0, 'admin_getControllers', 240, 241),
(123, 117, '', 0, 'admin_getActions', 242, 243),
(124, 117, '', 0, 'admin_mass', 244, 245),
(125, 117, '', 0, 'admin_reorder', 246, 247),
(126, 117, '', 0, 'admin_commentPurge', 248, 249),
(127, 1, '', 0, 'Installer', 252, 311),
(128, 127, '', 0, 'Install', 253, 268),
(129, 128, '', 0, 'index', 254, 255),
(130, 128, '', 0, 'licence', 256, 257),
(131, 128, '', 0, 'database', 258, 259),
(132, 128, '', 0, 'install', 260, 261),
(133, 128, '', 0, 'siteConfig', 262, 263),
(134, 128, '', 0, 'done', 264, 265),
(135, 128, '', 0, 'path', 266, 267),
(136, 127, '', 0, 'Releases', 269, 292),
(137, 136, '', 0, 'admin_index', 270, 271),
(138, 136, '', 0, 'admin_update_core', 272, 273),
(139, 136, '', 0, 'admin_update_sample', 274, 275),
(140, 136, '', 0, 'admin_core_data', 276, 277),
(141, 136, '', 0, 'admin_sample_data', 278, 279),
(142, 136, '', 0, 'admin_getPlugins', 280, 281),
(143, 136, '', 0, 'admin_getControllers', 282, 283),
(144, 136, '', 0, 'admin_getActions', 284, 285),
(145, 136, '', 0, 'admin_mass', 286, 287),
(146, 136, '', 0, 'admin_reorder', 288, 289),
(147, 136, '', 0, 'admin_commentPurge', 290, 291),
(148, 127, '', 0, 'Upgrade', 293, 310),
(149, 148, '', 0, 'admin_index', 294, 295),
(150, 148, '', 0, 'admin_update', 296, 297),
(151, 148, '', 0, 'admin_getPlugins', 298, 299),
(152, 148, '', 0, 'admin_getControllers', 300, 301),
(153, 148, '', 0, 'admin_getActions', 302, 303),
(154, 148, '', 0, 'admin_mass', 304, 305),
(155, 148, '', 0, 'admin_reorder', 306, 307),
(156, 148, '', 0, 'admin_commentPurge', 308, 309),
(157, 1, '', 0, 'Management', 312, 635),
(158, 157, '', 0, 'Acos', 313, 334),
(159, 158, '', 0, 'admin_index', 314, 315),
(160, 158, '', 0, 'admin_view', 316, 317),
(161, 158, '', 0, 'admin_add', 318, 319),
(162, 158, '', 0, 'admin_edit', 320, 321),
(163, 158, '', 0, 'admin_getPlugins', 322, 323),
(164, 158, '', 0, 'admin_getControllers', 324, 325),
(165, 158, '', 0, 'admin_getActions', 326, 327),
(166, 158, '', 0, 'admin_mass', 328, 329),
(167, 158, '', 0, 'admin_reorder', 330, 331),
(168, 158, '', 0, 'admin_commentPurge', 332, 333),
(169, 157, '', 0, 'Backlinks', 335, 350),
(170, 169, '', 0, 'admin_index', 336, 337),
(171, 169, '', 0, 'admin_getPlugins', 338, 339),
(172, 169, '', 0, 'admin_getControllers', 340, 341),
(173, 169, '', 0, 'admin_getActions', 342, 343),
(174, 169, '', 0, 'admin_mass', 344, 345),
(175, 169, '', 0, 'admin_reorder', 346, 347),
(176, 169, '', 0, 'admin_commentPurge', 348, 349),
(177, 157, '', 0, 'Backups', 351, 366),
(178, 177, '', 0, 'admin_backup', 352, 353),
(179, 177, '', 0, 'admin_getPlugins', 354, 355),
(180, 177, '', 0, 'admin_getControllers', 356, 357),
(181, 177, '', 0, 'admin_getActions', 358, 359),
(182, 177, '', 0, 'admin_mass', 360, 361),
(183, 177, '', 0, 'admin_reorder', 362, 363),
(184, 177, '', 0, 'admin_commentPurge', 364, 365),
(185, 157, '', 0, 'Comments', 367, 388),
(186, 185, '', 0, 'admin_index', 368, 369),
(187, 185, '', 0, 'admin_toggle', 370, 371),
(188, 185, '', 0, 'admin_reply', 372, 373),
(189, 185, '', 0, 'admin_perge', 374, 375),
(190, 185, '', 0, 'admin_commentPurge', 376, 377),
(191, 185, '', 0, 'admin_getPlugins', 378, 379),
(192, 185, '', 0, 'admin_getControllers', 380, 381),
(193, 185, '', 0, 'admin_getActions', 382, 383),
(194, 185, '', 0, 'admin_mass', 384, 385),
(195, 185, '', 0, 'admin_reorder', 386, 387),
(196, 157, '', 0, 'Configs', 389, 408),
(197, 196, '', 0, 'admin_index', 390, 391),
(198, 196, '', 0, 'admin_add', 392, 393),
(199, 196, '', 0, 'admin_edit', 394, 395),
(200, 196, '', 0, 'admin_getPlugins', 396, 397),
(201, 196, '', 0, 'admin_getControllers', 398, 399),
(202, 196, '', 0, 'admin_getActions', 400, 401),
(203, 196, '', 0, 'admin_mass', 402, 403),
(204, 196, '', 0, 'admin_reorder', 404, 405),
(205, 196, '', 0, 'admin_commentPurge', 406, 407),
(206, 157, '', 0, 'IpAddresses', 409, 428),
(207, 206, '', 0, 'admin_index', 410, 411),
(208, 206, '', 0, 'admin_add', 412, 413),
(209, 206, '', 0, 'admin_edit', 414, 415),
(210, 206, '', 0, 'admin_getPlugins', 416, 417),
(211, 206, '', 0, 'admin_getControllers', 418, 419),
(212, 206, '', 0, 'admin_getActions', 420, 421),
(213, 206, '', 0, 'admin_mass', 422, 423),
(214, 206, '', 0, 'admin_reorder', 424, 425),
(215, 206, '', 0, 'admin_commentPurge', 426, 427),
(216, 157, '', 0, 'Locks', 429, 446),
(217, 216, '', 0, 'admin_index', 430, 431),
(218, 216, '', 0, 'admin_unlock', 432, 433),
(219, 216, '', 0, 'admin_getPlugins', 434, 435),
(220, 216, '', 0, 'admin_getControllers', 436, 437),
(221, 216, '', 0, 'admin_getActions', 438, 439),
(222, 216, '', 0, 'admin_mass', 440, 441),
(223, 216, '', 0, 'admin_reorder', 442, 443),
(224, 216, '', 0, 'admin_commentPurge', 444, 445),
(225, 157, '', 0, 'Management', 447, 462),
(226, 225, '', 0, 'admin_dashboard', 448, 449),
(227, 225, '', 0, 'admin_getPlugins', 450, 451),
(228, 225, '', 0, 'admin_getControllers', 452, 453),
(229, 225, '', 0, 'admin_getActions', 454, 455),
(230, 225, '', 0, 'admin_mass', 456, 457),
(231, 225, '', 0, 'admin_reorder', 458, 459),
(232, 225, '', 0, 'admin_commentPurge', 460, 461),
(233, 157, '', 0, 'Menus', 463, 482),
(234, 233, '', 0, 'admin_index', 464, 465),
(235, 233, '', 0, 'admin_add', 466, 467),
(236, 233, '', 0, 'admin_edit', 468, 469),
(237, 233, '', 0, 'admin_getPlugins', 470, 471),
(238, 233, '', 0, 'admin_getControllers', 472, 473),
(239, 233, '', 0, 'admin_getActions', 474, 475),
(240, 233, '', 0, 'admin_mass', 476, 477),
(241, 233, '', 0, 'admin_reorder', 478, 479),
(242, 233, '', 0, 'admin_commentPurge', 480, 481),
(243, 157, '', 0, 'MenuItems', 483, 504),
(244, 243, '', 0, 'admin_index', 484, 485),
(245, 243, '', 0, 'admin_add', 486, 487),
(246, 243, '', 0, 'admin_getParents', 488, 489),
(247, 243, '', 0, 'admin_edit', 490, 491),
(248, 243, '', 0, 'admin_getPlugins', 492, 493),
(249, 243, '', 0, 'admin_getControllers', 494, 495),
(250, 243, '', 0, 'admin_getActions', 496, 497),
(251, 243, '', 0, 'admin_mass', 498, 499),
(252, 243, '', 0, 'admin_reorder', 500, 501),
(253, 243, '', 0, 'admin_commentPurge', 502, 503),
(254, 157, '', 0, 'Modules', 505, 524),
(255, 254, '', 0, 'admin_index', 506, 507),
(256, 254, '', 0, 'admin_add', 508, 509),
(257, 254, '', 0, 'admin_edit', 510, 511),
(258, 254, '', 0, 'admin_getPlugins', 512, 513),
(259, 254, '', 0, 'admin_getControllers', 514, 515),
(260, 254, '', 0, 'admin_getActions', 516, 517),
(261, 254, '', 0, 'admin_mass', 518, 519),
(262, 254, '', 0, 'admin_reorder', 520, 521),
(263, 254, '', 0, 'admin_commentPurge', 522, 523),
(264, 157, '', 0, 'Pages', 525, 544),
(265, 264, '', 0, 'admin_index', 526, 527),
(266, 264, '', 0, 'admin_add', 528, 529),
(267, 264, '', 0, 'admin_edit', 530, 531),
(268, 264, '', 0, 'admin_getPlugins', 532, 533),
(269, 264, '', 0, 'admin_getControllers', 534, 535),
(270, 264, '', 0, 'admin_getActions', 536, 537),
(271, 264, '', 0, 'admin_mass', 538, 539),
(272, 264, '', 0, 'admin_reorder', 540, 541),
(273, 264, '', 0, 'admin_commentPurge', 542, 543),
(274, 157, '', 0, 'Routes', 545, 564),
(275, 274, '', 0, 'admin_index', 546, 547),
(276, 274, '', 0, 'admin_add', 548, 549),
(277, 274, '', 0, 'admin_edit', 550, 551),
(278, 274, '', 0, 'admin_getPlugins', 552, 553),
(279, 274, '', 0, 'admin_getControllers', 554, 555),
(280, 274, '', 0, 'admin_getActions', 556, 557),
(281, 274, '', 0, 'admin_mass', 558, 559),
(282, 274, '', 0, 'admin_reorder', 560, 561),
(283, 274, '', 0, 'admin_commentPurge', 562, 563),
(284, 157, '', 0, 'Themes', 565, 584),
(285, 284, '', 0, 'admin_index', 566, 567),
(286, 284, '', 0, 'admin_add', 568, 569),
(287, 284, '', 0, 'admin_edit', 570, 571),
(288, 284, '', 0, 'admin_getPlugins', 572, 573),
(289, 284, '', 0, 'admin_getControllers', 574, 575),
(290, 284, '', 0, 'admin_getActions', 576, 577),
(291, 284, '', 0, 'admin_mass', 578, 579),
(292, 284, '', 0, 'admin_reorder', 580, 581),
(293, 284, '', 0, 'admin_commentPurge', 582, 583),
(294, 157, '', 0, 'Trash', 585, 600),
(295, 294, '', 0, 'admin_index', 586, 587),
(296, 294, '', 0, 'admin_getPlugins', 588, 589),
(297, 294, '', 0, 'admin_getControllers', 590, 591),
(298, 294, '', 0, 'admin_getActions', 592, 593),
(299, 294, '', 0, 'admin_mass', 594, 595),
(300, 294, '', 0, 'admin_reorder', 596, 597),
(301, 294, '', 0, 'admin_commentPurge', 598, 599),
(302, 157, '', 0, 'Users', 601, 634),
(303, 302, '', 0, 'login', 602, 603),
(304, 302, '', 0, 'logout', 604, 605),
(305, 302, '', 0, 'register', 606, 607),
(306, 302, '', 0, 'admin_login', 608, 609),
(307, 302, '', 0, 'admin_logout', 610, 611),
(308, 302, '', 0, 'admin_index', 612, 613),
(309, 302, '', 0, 'admin_logged_in', 614, 615),
(310, 302, '', 0, 'admin_add', 616, 617),
(311, 302, '', 0, 'admin_edit', 618, 619),
(312, 302, '', 0, 'admin_initDB', 620, 621),
(313, 302, '', 0, 'admin_getPlugins', 622, 623),
(314, 302, '', 0, 'admin_getControllers', 624, 625),
(315, 302, '', 0, 'admin_getActions', 626, 627),
(316, 302, '', 0, 'admin_mass', 628, 629),
(317, 302, '', 0, 'admin_reorder', 630, 631),
(318, 302, '', 0, 'admin_commentPurge', 632, 633),
(319, 1, '', 0, 'Newsletter', 636, 723),
(320, 319, '', 0, 'Campaigns', 637, 658),
(321, 320, '', 0, 'admin_index', 638, 639),
(322, 320, '', 0, 'admin_add', 640, 641),
(323, 320, '', 0, 'admin_edit', 642, 643),
(324, 320, '', 0, 'admin_toggle', 644, 645),
(325, 320, '', 0, 'admin_getPlugins', 646, 647),
(326, 320, '', 0, 'admin_getControllers', 648, 649),
(327, 320, '', 0, 'admin_getActions', 650, 651),
(328, 320, '', 0, 'admin_mass', 652, 653),
(329, 320, '', 0, 'admin_reorder', 654, 655),
(330, 320, '', 0, 'admin_commentPurge', 656, 657),
(331, 319, '', 0, 'Newsletters', 659, 696),
(332, 331, '', 0, 'track', 660, 661),
(333, 331, '', 0, 'sendNewsletters', 662, 663),
(334, 331, '', 0, 'admin_dashboard', 664, 665),
(335, 331, '', 0, 'admin_report', 666, 667),
(336, 331, '', 0, 'admin_index', 668, 669),
(337, 331, '', 0, 'admin_add', 670, 671),
(338, 331, '', 0, 'admin_edit', 672, 673),
(339, 331, '', 0, 'admin_view', 674, 675),
(340, 331, '', 0, 'admin_preview', 676, 677),
(341, 331, '', 0, 'admin_delte', 678, 679),
(342, 331, '', 0, 'admin_toggleSend', 680, 681),
(343, 331, '', 0, 'admin_stopAll', 682, 683),
(344, 331, '', 0, 'admin_getPlugins', 684, 685),
(345, 331, '', 0, 'admin_getControllers', 686, 687),
(346, 331, '', 0, 'admin_getActions', 688, 689),
(347, 331, '', 0, 'admin_mass', 690, 691),
(348, 331, '', 0, 'admin_reorder', 692, 693),
(349, 331, '', 0, 'admin_commentPurge', 694, 695),
(350, 319, '', 0, 'Templates', 697, 722),
(351, 350, '', 0, 'admin_index', 698, 699),
(352, 350, '', 0, 'admin_add', 700, 701),
(353, 350, '', 0, 'admin_edit', 702, 703),
(354, 350, '', 0, 'admin_view', 704, 705),
(355, 350, '', 0, 'admin_export', 706, 707),
(356, 350, '', 0, 'admin_preview', 708, 709),
(357, 350, '', 0, 'admin_getPlugins', 710, 711),
(358, 350, '', 0, 'admin_getControllers', 712, 713),
(359, 350, '', 0, 'admin_getActions', 714, 715),
(360, 350, '', 0, 'admin_mass', 716, 717),
(361, 350, '', 0, 'admin_reorder', 718, 719),
(362, 350, '', 0, 'admin_commentPurge', 720, 721),
(363, 1, '', 0, 'Shop', 724, 973),
(364, 363, '', 0, 'Branches', 725, 748),
(365, 364, '', 0, 'index', 726, 727),
(366, 364, '', 0, 'view', 728, 729),
(367, 364, '', 0, 'admin_index', 730, 731),
(368, 364, '', 0, 'admin_add', 732, 733),
(369, 364, '', 0, 'admin_edit', 734, 735),
(370, 364, '', 0, 'admin_getPlugins', 736, 737),
(371, 364, '', 0, 'admin_getControllers', 738, 739),
(372, 364, '', 0, 'admin_getActions', 740, 741),
(373, 364, '', 0, 'admin_mass', 742, 743),
(374, 364, '', 0, 'admin_reorder', 744, 745),
(375, 364, '', 0, 'admin_commentPurge', 746, 747),
(376, 363, '', 0, 'Carts', 749, 770),
(377, 376, '', 0, 'index', 750, 751),
(378, 376, '', 0, 'adjust', 752, 753),
(379, 376, '', 0, 'change_shipping_method', 754, 755),
(380, 376, '', 0, 'admin_index', 756, 757),
(381, 376, '', 0, 'admin_getPlugins', 758, 759),
(382, 376, '', 0, 'admin_getControllers', 760, 761),
(383, 376, '', 0, 'admin_getActions', 762, 763),
(384, 376, '', 0, 'admin_mass', 764, 765),
(385, 376, '', 0, 'admin_reorder', 766, 767),
(386, 376, '', 0, 'admin_commentPurge', 768, 769),
(387, 363, '', 0, 'Categories', 771, 792),
(388, 387, '', 0, 'index', 772, 773),
(389, 387, '', 0, 'admin_index', 774, 775),
(390, 387, '', 0, 'admin_add', 776, 777),
(391, 387, '', 0, 'admin_edit', 778, 779),
(392, 387, '', 0, 'admin_getPlugins', 780, 781),
(393, 387, '', 0, 'admin_getControllers', 782, 783),
(394, 387, '', 0, 'admin_getActions', 784, 785),
(395, 387, '', 0, 'admin_mass', 786, 787),
(396, 387, '', 0, 'admin_reorder', 788, 789),
(397, 387, '', 0, 'admin_commentPurge', 790, 791),
(398, 363, '', 0, 'Images', 793, 812),
(399, 398, '', 0, 'admin_index', 794, 795),
(400, 398, '', 0, 'admin_add', 796, 797),
(401, 398, '', 0, 'admin_edit', 798, 799),
(402, 398, '', 0, 'admin_getPlugins', 800, 801),
(403, 398, '', 0, 'admin_getControllers', 802, 803),
(404, 398, '', 0, 'admin_getActions', 804, 805),
(405, 398, '', 0, 'admin_mass', 806, 807),
(406, 398, '', 0, 'admin_reorder', 808, 809),
(407, 398, '', 0, 'admin_commentPurge', 810, 811),
(408, 363, '', 0, 'Products', 813, 842),
(409, 408, '', 0, 'dashboard', 814, 815),
(410, 408, '', 0, 'index', 816, 817),
(411, 408, '', 0, 'view', 818, 819),
(412, 408, '', 0, 'admin_dashboard', 820, 821),
(413, 408, '', 0, 'admin_index', 822, 823),
(414, 408, '', 0, 'admin_statistics', 824, 825),
(415, 408, '', 0, 'admin_add', 826, 827),
(416, 408, '', 0, 'admin_edit', 828, 829),
(417, 408, '', 0, 'admin_getPlugins', 830, 831),
(418, 408, '', 0, 'admin_getControllers', 832, 833),
(419, 408, '', 0, 'admin_getActions', 834, 835),
(420, 408, '', 0, 'admin_mass', 836, 837),
(421, 408, '', 0, 'admin_reorder', 838, 839),
(422, 408, '', 0, 'admin_commentPurge', 840, 841),
(423, 363, '', 0, 'Specials', 843, 866),
(424, 423, '', 0, 'index', 844, 845),
(425, 423, '', 0, 'admin_index', 846, 847),
(426, 423, '', 0, 'admin_add', 848, 849),
(427, 423, '', 0, 'admin_edit', 850, 851),
(428, 423, '', 0, 'admin_getPrices', 852, 853),
(429, 423, '', 0, 'admin_getPlugins', 854, 855),
(430, 423, '', 0, 'admin_getControllers', 856, 857),
(431, 423, '', 0, 'admin_getActions', 858, 859),
(432, 423, '', 0, 'admin_mass', 860, 861),
(433, 423, '', 0, 'admin_reorder', 862, 863),
(434, 423, '', 0, 'admin_commentPurge', 864, 865),
(435, 363, '', 0, 'Spotlights', 867, 888),
(436, 435, '', 0, 'index', 868, 869),
(437, 435, '', 0, 'admin_index', 870, 871),
(438, 435, '', 0, 'admin_add', 872, 873),
(439, 435, '', 0, 'admin_edit', 874, 875),
(440, 435, '', 0, 'admin_getPlugins', 876, 877),
(441, 435, '', 0, 'admin_getControllers', 878, 879),
(442, 435, '', 0, 'admin_getActions', 880, 881),
(443, 435, '', 0, 'admin_mass', 882, 883),
(444, 435, '', 0, 'admin_reorder', 884, 885),
(445, 435, '', 0, 'admin_commentPurge', 886, 887),
(446, 363, '', 0, 'Stocks', 889, 910),
(447, 446, '', 0, 'admin_index', 890, 891),
(448, 446, '', 0, 'admin_add', 892, 893),
(449, 446, '', 0, 'admin_edit', 894, 895),
(450, 446, '', 0, 'admin_valuation', 896, 897),
(451, 446, '', 0, 'admin_getPlugins', 898, 899),
(452, 446, '', 0, 'admin_getControllers', 900, 901),
(453, 446, '', 0, 'admin_getActions', 902, 903),
(454, 446, '', 0, 'admin_mass', 904, 905),
(455, 446, '', 0, 'admin_reorder', 906, 907),
(456, 446, '', 0, 'admin_commentPurge', 908, 909),
(457, 363, '', 0, 'Suppliers', 911, 930),
(458, 457, '', 0, 'admin_index', 912, 913),
(459, 457, '', 0, 'admin_add', 914, 915),
(460, 457, '', 0, 'admin_edit', 916, 917),
(461, 457, '', 0, 'admin_getPlugins', 918, 919),
(462, 457, '', 0, 'admin_getControllers', 920, 921),
(463, 457, '', 0, 'admin_getActions', 922, 923),
(464, 457, '', 0, 'admin_mass', 924, 925),
(465, 457, '', 0, 'admin_reorder', 926, 927),
(466, 457, '', 0, 'admin_commentPurge', 928, 929),
(467, 363, '', 0, 'Units', 931, 950),
(468, 467, '', 0, 'admin_index', 932, 933),
(469, 467, '', 0, 'admin_add', 934, 935),
(470, 467, '', 0, 'admin_edit', 936, 937),
(471, 467, '', 0, 'admin_getPlugins', 938, 939),
(472, 467, '', 0, 'admin_getControllers', 940, 941),
(473, 467, '', 0, 'admin_getActions', 942, 943),
(474, 467, '', 0, 'admin_mass', 944, 945),
(475, 467, '', 0, 'admin_reorder', 946, 947),
(476, 467, '', 0, 'admin_commentPurge', 948, 949),
(477, 363, '', 0, 'Wishlists', 951, 972),
(478, 477, '', 0, 'index', 952, 953),
(479, 477, '', 0, 'adjust', 954, 955),
(480, 477, '', 0, 'move', 956, 957),
(481, 477, '', 0, 'admin_index', 958, 959),
(482, 477, '', 0, 'admin_getPlugins', 960, 961),
(483, 477, '', 0, 'admin_getControllers', 962, 963),
(484, 477, '', 0, 'admin_getActions', 964, 965),
(485, 477, '', 0, 'admin_mass', 966, 967),
(486, 477, '', 0, 'admin_reorder', 968, 969),
(487, 477, '', 0, 'admin_commentPurge', 970, 971),
(488, 1, '', 0, 'Db Admin', 974, 991),
(489, 488, '', 0, 'Listings', 975, 990),
(490, 489, '', 0, 'admin_index', 976, 977),
(491, 489, '', 0, 'admin_getPlugins', 978, 979),
(492, 489, '', 0, 'admin_getControllers', 980, 981),
(493, 489, '', 0, 'admin_getActions', 982, 983),
(494, 489, '', 0, 'admin_mass', 984, 985),
(495, 489, '', 0, 'admin_reorder', 986, 987),
(496, 489, '', 0, 'admin_commentPurge', 988, 989);

INSERT INTO `aros` (`id`, `parent_id`, `model`, `foreign_key`, `alias`, `lft`, `rght`) VALUES
(1, 0, 'Group', 1, '', 1, 2),
(2, 0, 'User', 1, '', 35, 36),
(3, 0, 'User', 2, '', 3, 4),
(4, 0, 'User', 3, '', 5, 6),
(5, 0, 'User', 4, '', 7, 8),
(6, 0, 'User', 5, '', 9, 10),
(7, 0, 'User', 6, '', 11, 12),
(8, 0, 'User', 7, '', 13, 14),
(9, 0, 'User', 8, '', 15, 16),
(10, 0, 'User', 9, '', 17, 18),
(11, 0, 'User', 10, '', 19, 20),
(12, 0, 'User', 11, '', 21, 22),
(13, 0, 'User', 12, '', 23, 24),
(14, 0, 'User', 13, '', 25, 26),
(15, 0, 'User', 14, '', 27, 28),
(16, 0, 'User', 15, '', 29, 30),
(17, 0, 'User', 16, '', 31, 32),
(18, 0, 'User', 18, '', 33, 34);

INSERT INTO `aros_acos` (`id`, `aro_id`, `aco_id`, `_create`, `_read`, `_update`, `_delete`) VALUES
(1, 1, 1, '1', '1', '1', '1');

INSERT INTO `core_groups` (`id`, `name`, `description`, `created`, `modified`, `parent_id`, `lft`, `rght`) VALUES
('1', 'Administrators', 'Site Administrators', '2012-05-23 22:13:56', '2012-05-23 22:13:56', NULL, 1, 2),
('2', 'Users', 'Users', '2012-05-23 22:13:56', '2012-05-23 22:13:56', NULL, 3, 4);

INSERT INTO `core_modules` (`id`, `name`, `content`, `plugin`, `module`, `config`, `theme_id`, `position_id`, `group_id`, `ordering`, `admin`, `active`, `show_heading`, `core`, `author`, `licence`, `url`, `update_url`, `created`, `modified`) VALUES
('00000000-3394-4e47-0002-000000000000', 'Admin Menu', '', 'Menus', 'admin/menu', '{"menu":"core_admin"}', '0', '00000000-3394-4e47-0001-000000000000', '1', 1, 1, 1, 0, 1, 'Infinitas', 'MIT', 'http://infinitas-cms.org', 'http://infinitas-cms.org/plugins/menus/', '2012-05-23 22:13:55', '2012-05-23 22:13:55'),
('00000000-3394-4e47-0002-000000000001', 'Plugin Dock', '', 'Menus', 'admin/dock', '', '0', '00000000-3394-4e47-0001-000000000000', '1', 2, 1, 1, 0, 1, 'Infinitas', 'MIT', 'http://infinitas-cms.org', 'http://infinitas-cms.org/plugins/menus/', '2012-05-23 22:13:55', '2012-05-23 22:13:55'),
('00000000-3394-4e47-0002-000000000002', 'Todo List', '', 'Menus', 'admin/todo', '', '0', '00000000-3394-4e47-0001-000000000000', '1', 3, 1, 1, 0, 1, 'Infinitas', 'MIT', 'http://infinitas-cms.org', 'http://infinitas-cms.org/plugins/menus/', '2012-05-23 22:13:55', '2012-05-23 22:13:55'),
('00000000-3394-4e47-0002-000000000003', 'Dashboard Icons', '', 'Menus', 'admin/dashboard_icons', '', '0', '00000000-3394-4e47-0001-000000000005', '1', 1, 1, 1, 0, 1, 'Infinitas', 'MIT', 'http://infinitas-cms.org', 'http://infinitas-cms.org/plugins/menus/', '2012-05-23 22:13:55', '2012-05-23 22:13:55'),
('00000000-3394-4e47-0002-000000000004', 'View Stats', '', 'ViewCounter', 'admin/popular_items', '', '0', '00000000-3394-4e47-0001-000000000005', '1', 2, 1, 1, 0, 1, 'Infinitas', 'MIT', 'http://infinitas-cms.org', 'http://infinitas-cms.org/plugins/menus/', '2012-05-23 22:13:55', '2012-05-23 22:13:55'),
('00000000-3394-4e47-0002-000000000005', 'Overall Stats', '', 'ViewCounter', 'admin/overall', '', '0', '00000000-3394-4e47-0001-000000000005', '1', 3, 1, 1, 0, 1, 'Infinitas', 'MIT', 'http://infinitas-cms.org', 'http://infinitas-cms.org/plugins/menus/', '2012-05-23 22:13:55', '2012-05-23 22:13:55'),
('00000000-3394-4e47-0002-000000000006', 'Google Analytics', '', 'Google', 'google_analytics', '{"code":"UA-xxxxxxxx-x"}', '0', '00000000-3394-4e47-0001-000000000004', '2', 1, 0, 0, 0, 1, 'Infinitas', 'MIT', 'http://infinitas-cms.org', 'http://infinitas-cms.org/plugins/menus/', '2012-05-23 22:13:55', '2012-05-23 22:13:55'),
('00000000-3394-4e47-0002-000000000007', 'Post Dates', '', 'Blog', 'post_dates', '', '0', '00000000-3394-4e47-0001-000000000007', '2', 1, 0, 1, 0, 0, 'Infinitas', 'MIT', 'http://infinitas-cms.org', 'http://infinitas-cms.org/plugins/menus/', '2012-05-23 22:13:55', '2012-05-23 22:13:55'),
('00000000-3394-4e47-0002-000000000008', 'Tag Cloud', '', 'Blog', 'post_tag_cloud', '', '0', '00000000-3394-4e47-0001-000000000007', '2', 2, 0, 1, 0, 0, 'Infinitas', 'MIT', 'http://infinitas-cms.org', 'http://infinitas-cms.org/plugins/menus/', '2012-05-23 22:13:55', '2012-05-23 22:13:55'),
('00000000-3394-4e47-0002-000000000009', 'Popular Posts', '', 'Blog', 'popular_posts', '', '0', '00000000-3394-4e47-0001-000000000007', '2', 3, 0, 1, 0, 0, 'Infinitas', 'MIT', 'http://infinitas-cms.org', 'http://infinitas-cms.org/plugins/menus/', '2012-05-23 22:13:56', '2012-05-23 22:13:56'),
('00000000-3394-4e47-0002-000000000010', 'Popular Posts', '', 'Blog', 'latest_posts', '', '0', '00000000-3394-4e47-0001-000000000007', '2', 3, 0, 1, 0, 0, 'Infinitas', 'MIT', 'http://infinitas-cms.org', 'http://infinitas-cms.org/plugins/menus/', '2012-05-23 22:13:56', '2012-05-23 22:13:56'),
('00000000-3394-4e47-0002-000000000011', 'Server Status', '', 'ServerStatus', 'admin/by_hour', '', '0', '00000000-3394-4e47-0001-000000000005', '1', 4, 1, 1, 0, 0, 'Infinitas', 'MIT', 'http://infinitas-cms.org', 'http://infinitas-cms.org/plugins/menus/', '2012-05-23 22:13:55', '2012-05-23 22:13:55'),
('4fbd8e50-100c-4799-9170-3920b86a9d3f', 'Analytics Admin', '', 'InfinitasDemo', 'admin/piwik', '', '0', '00000000-3394-4e47-0001-000000000004', '1', 3, 1, 1, 0, 0, 'Infinitas', '', 'http://infinitas-cms.org', '', '2012-05-24 01:26:40', '2012-05-24 01:30:08');

INSERT INTO `core_modules_routes` (`id`, `module_id`, `route_id`) VALUES
('00000000-3394-4e47-0003-000000000000', '00000000-3394-4e47-0002-000000000011', '00000000');

INSERT INTO `core_module_positions` (`id`, `name`, `created`, `modified`, `module_count`) VALUES
('00000000-3394-4e47-0001-000000000000', 'top', '2012-05-23 22:13:55', '2012-05-23 22:13:55', 0),
('00000000-3394-4e47-0001-000000000001', 'debug', '2012-05-23 22:13:55', '2012-05-23 22:13:55', 0),
('00000000-3394-4e47-0001-000000000002', 'feeds', '2012-05-23 22:13:55', '2012-05-23 22:13:55', 0),
('00000000-3394-4e47-0001-000000000003', 'search', '2012-05-23 22:13:55', '2012-05-23 22:13:55', 0),
('00000000-3394-4e47-0001-000000000004', 'hidden', '2012-05-23 22:13:55', '2012-05-23 22:13:55', 0),
('00000000-3394-4e47-0001-000000000005', 'bottom', '2012-05-23 22:13:55', '2012-05-23 22:13:55', 0),
('00000000-3394-4e47-0001-000000000006', 'left', '2012-05-23 22:13:55', '2012-05-23 22:13:55', 0),
('00000000-3394-4e47-0001-000000000007', 'right', '2012-05-23 22:13:55', '2012-05-23 22:13:55', 0),
('00000000-3394-4e47-0001-000000000008', 'custom1', '2012-05-23 22:13:55', '2012-05-23 22:13:55', 0),
('00000000-3394-4e47-0001-000000000009', 'custom2', '2012-05-23 22:13:55', '2012-05-23 22:13:55', 0),
('00000000-3394-4e47-0001-000000000010', 'custom3', '2012-05-23 22:13:55', '2012-05-23 22:13:55', 0),
('00000000-3394-4e47-0001-000000000011', 'custom4', '2012-05-23 22:13:55', '2012-05-23 22:13:55', 0),
('00000000-3394-4e47-0001-000000000012', 'bread_crumbs', '2012-05-23 22:13:55', '2012-05-23 22:13:55', 0);

INSERT INTO `core_plugins` (`id`, `internal_name`, `name`, `author`, `website`, `update_url`, `description`, `license`, `dependancies`, `version`, `active`, `core`, `created`, `modified`) VALUES
('4c94edcb-3394-4e47-ad23-78d86318cd70', 'Google', 'Google', 'Infinitas', 'infinitas-cms.org', 'infinitas-cms.org/plugins/version/plugin:google', '', 'MIT', '[]', '0.9', 1, 1, '2012-05-23 22:13:56', '2012-05-23 22:13:56'),
('4c94edcb-3394-4e47-ad23-78d86318cd71', 'Assets', 'Assets', 'Infinitas', 'infinitas-cms.org', 'infinitas-cms.org/plugins/version/plugin:assets', '', 'MIT', '[]', '0.9', 1, 1, '2012-05-23 22:13:56', '2012-05-23 22:13:56'),
('4c94edcb-9624-4ce3-acfe-78d86318cd70', 'Comments', 'Comments', 'Infinitas', 'infinitas-cms.org', 'infinitas-cms.org/plugins/version/plugin:comments', 'See what your users have to say', 'MIT', '[]', '0.9.1', 1, 1, '2012-05-23 22:13:56', '2012-05-23 22:13:56'),
('4c94edcc-4ec0-4c4e-97de-78d86318cd70', 'Contact', 'Contact', 'Infinitas', 'infinitas-cms.org', 'infinitas-cms.org/plugins/version/plugin:contact', 'Display your contact details and allow users to contact you', 'MIT', '[]', '0.9', 1, 1, '2012-05-23 22:13:56', '2012-05-23 22:13:56'),
('4c94edcc-84ec-47c9-963d-78d86318cd70', 'Filter', 'Filter', 'Infinitas', 'infinitas-cms.org', 'infinitas-cms.org/plugins/version/plugin:filter', '', 'MIT', '[]', '0.9', 1, 1, '2012-05-23 22:13:56', '2012-05-23 22:13:56'),
('4c94edcc-9b50-49e6-9af3-78d86318cd70', 'Events', 'Events', 'Infinitas', 'infinitas-cms.org', 'infinitas-cms.org/plugins/version/plugin:events', '', 'MIT', '[]', '0.9', 1, 1, '2012-05-23 22:13:56', '2012-05-23 22:13:56'),
('4c94edcc-aa7c-4509-9c18-78d86318cd70', 'Filemanager', 'Filemanager', 'Infinitas', 'infinitas-cms.org', 'infinitas-cms.org/plugins/version/plugin:filemanager', 'Allow you to manage files from the backend', 'MIT', '[]', '0.9', 1, 1, '2012-05-23 22:13:56', '2012-05-23 22:13:56'),
('4c94edcc-ac70-474f-a4a3-78d86318cd70', 'Data', 'Data', 'Infinitas', 'infinitas-cms.org', 'infinitas-cms.org/plugins/version/plugin:data', '', 'MIT', '[]', '0.9', 1, 1, '2012-05-23 22:13:56', '2012-05-23 22:13:56'),
('4c94edcc-e084-44d8-bce8-78d86318cd70', 'Installer', 'Installer', 'Infinitas', 'infinitas-cms.org', 'infinitas-cms.org/plugins/version/plugin:installer', 'Manage your Infinitas install', 'MIT', '[]', '0.9', 1, 1, '2012-05-23 22:13:56', '2012-05-23 22:13:56'),
('4c94edcd-6834-4aed-913f-78d86318cd70', 'Locks', 'Locks', 'Infinitas', 'infinitas-cms.org', 'infinitas-cms.org/plugins/version/plugin:locks', 'Stop others editing things you are working on', 'MIT', '[]', '0.9.1', 1, 1, '2012-05-23 22:13:56', '2012-05-23 22:13:56'),
('4c94edcd-a188-49bb-8a08-78d86318cd70', 'Libs', 'Libs', 'Infinitas', 'infinitas-cms.org', 'infinitas-cms.org/plugins/version/plugin:libs', '', 'MIT', '[]', '0.9', 1, 1, '2012-05-23 22:13:56', '2012-05-23 22:13:56'),
('4c94edcd-a7d4-40dd-ae3e-78d86318cd70', 'Menus', 'Menus', 'Infinitas', 'infinitas-cms.org', 'infinitas-cms.org/plugins/version/plugin:menus', 'Build menus for your site', 'MIT', '[]', '0.9', 1, 1, '2012-05-23 22:13:56', '2012-05-23 22:13:56'),
('4c94edcd-cd3c-4428-9327-78d86318cd70', 'Migrations', 'Migrations', 'Infinitas', 'infinitas-cms.org', 'infinitas-cms.org/plugins/version/plugin:migrations', '', 'MIT', '[]', '0.9', 1, 1, '2012-05-23 22:13:56', '2012-05-23 22:13:56'),
('4c94edcd-cde8-4d91-b5d5-78d86318cd70', 'Management', 'Setup', 'Infinitas', 'infinitas-cms.org', 'infinitas-cms.org/plugins/version/plugin:management', 'Configure Your site', 'MIT', '[]', '0.9', 1, 1, '2012-05-23 22:13:56', '2012-05-23 22:13:56'),
('4c94edcd-ed34-4a23-b4e2-78d86318cd70', 'Modules', 'Modules', 'Infinitas', 'infinitas-cms.org', 'infinitas-cms.org/plugins/version/plugin:modules', 'Add sections of output to your site with ease', 'MIT', '[]', '0.9', 1, 1, '2012-05-23 22:13:56', '2012-05-23 22:13:56'),
('4c94edce-6ba4-4246-900f-78d86318cd70', 'Themes', 'Themes', 'Infinitas', 'infinitas-cms.org', 'infinitas-cms.org/plugins/version/plugin:themes', 'Theme your site', 'MIT', '[]', '0.9.1', 1, 1, '2012-05-23 22:13:56', '2012-05-23 22:13:56'),
('4c94edce-f07c-4564-bc30-78d86318cd70', 'Newsletter', 'Newsletter', 'Infinitas', 'infinitas-cms.org', 'infinitas-cms.org/plugins/version/plugin:newsletter', 'Keep in contact with your user base', 'MIT', '[]', '0.9', 1, 1, '2012-05-23 22:13:56', '2012-05-23 22:13:56'),
('4c94edce-f8dc-4dd3-907f-78d86318cd70', 'Webmaster', 'Webmaster', 'Infinitas', 'infinitas-cms.org', 'infinitas-cms.org/plugins/version/plugin:webmaster', 'Manage your sites robots files and sitemaps', 'MIT', '[]', '0.9', 1, 1, '2012-05-23 22:13:56', '2012-05-23 22:13:56'),
('4c94edce-fa1c-4abb-9ca6-78d86318cd70', 'Routes', 'Routes', 'Infinitas', 'infinitas-cms.org', 'infinitas-cms.org/plugins/version/plugin:routes', 'Route pretty urls to your code', 'MIT', '[]', '0.9.1', 1, 1, '2012-05-23 22:13:56', '2012-05-23 22:13:56'),
('4c94edce-fba0-4fee-bb03-78d86318cd70', 'Users', 'Users', 'Infinitas', 'infinitas-cms.org', 'infinitas-cms.org/plugins/version/plugin:users', 'Manage your community', 'MIT', '[]', '0.9', 1, 1, '2012-05-23 22:13:56', '2012-05-23 22:13:56'),
('4cbc4e7e-b798-4aad-bc22-16836318cd70', 'Emails', 'Emails', 'Infinitas', 'http://infinitas-cms.org', 'infinitas-cms.org/plugins/version/plugin:emails', 'Manage your emails', 'MIT', '[]', '0.9', 1, 1, '2012-05-23 22:13:56', '2012-05-23 22:13:56'),
('4cbc74a9-8fe8-43da-aaa4-20786318cd70', 'Feed', 'Feed', 'Infinitas', 'http://infinitas-cms.org', 'infinitas-cms.org/plugins/version/plugin:feed', 'Provide RSS feeds of anything to your users', 'MIT', '[]', '0.9', 1, 1, '2012-05-23 22:13:56', '2012-05-23 22:13:56'),
('4cbd6788-2c28-4339-8917-47b96318cd70', 'ShortUrls', 'ShortUrls', 'Infinitas', 'http://infinitas-cms.org', 'infinitas-cms.org/plugins/version/plugin:short_urls', 'Generate your own short urls', 'MIT', '[]', '0.9', 1, 1, '2012-05-23 22:13:56', '2012-05-23 22:13:56'),
('4cdc2083-430c-42f1-be78-235e6318cd70', 'Backlinks', 'Backlinks', 'Infinitas', 'http://infinitas-cms.org', 'infinitas-cms.org/plugins/version/plugin:backlinks', 'Keep track of who is linking to you', 'MIT', '[]', '0.9', 1, 0, '2012-05-23 22:13:56', '2012-05-23 22:13:56'),
('4cdc2282-927c-46c3-81ee-247a6318cd70', 'Thickbox', 'Thickbox', 'Infinitas', 'http://infinitas-cms.org', 'infinitas-cms.org/plugins/version/plugin:thickbox', 'Add a thickbox effect to your Infinitas powered site with this easy to use plugin', 'MIT', '[]', '0.9', 1, 0, '2012-05-23 22:13:56', '2012-05-23 22:13:56'),
('4cdc22c5-c058-4049-9dc7-247a6318cd70', 'WysiwygCkEditor', 'WysiwygCkEditor', 'Infinitas', 'http://infinitas-cms.org', 'infinitas-cms.org/plugins/version/plugin:wysiwyg_ck_editor', 'Make content editing easy with the CK Editor. Plug and play for your Infinitas powered site', 'MIT', '[]', '0.9', 1, 0, '2012-05-23 22:13:56', '2012-05-23 22:13:56'),
('4cdc2320-49b4-417a-9dc5-247a6318cd70', 'WysiwygTinyMce', 'WysiwygTinyMce', 'Infinitas', 'http://infinitas-cms.org', 'infinitas-cms.org/plugins/version/plugin:wysiwyg_tiny_mce', 'Make content editing easy with the TinyMCE Editor. Plug and play for your Infinitas powere', 'MIT', '[]', '0.9', 1, 0, '2012-05-23 22:13:56', '2012-05-23 22:13:56'),
('4cdc264b-9d50-42b4-834b-2a206318cd70', 'Gallery', 'Gallery', 'Infinitas', 'http://infinitas-cms.org', 'infinitas-cms.org/plugins/version/plugin:gallery', 'Create and manage image galleries for your infinitas powered site', 'MIT', '[]', '0.9', 1, 0, '2012-05-23 22:13:56', '2012-05-23 22:13:56'),
('4ce009fa-a76c-49f4-a488-120b6318cd70', 'Blog', 'Blog', 'Infinitas', 'http://infinitas-cms.org', 'infinitas-cms.org/plugins/version/plugin:blog', 'A blogging platform for your Infinitas powered website', 'MIT', '[]', '0.9', 1, 0, '2012-05-23 22:13:56', '2012-05-23 22:13:56'),
('4ce00a63-4e10-4cf2-b8d8-120b6318cd70', 'Cms', 'Cms', 'Infinitas', 'http://infinitas-cms.org', 'infinitas-cms.org/plugins/version/plugin:cms', 'Content Management for your Infinitas powered website', 'MIT', '[]', '0.9', 1, 0, '2012-05-23 22:13:56', '2012-05-23 22:13:56'),
('4ce1695f-5488-4a9f-a5b8-1e806318cd70', 'ViewCounter', 'ViewCounter', 'Infinitas', 'http://infinitas-cms.org', 'infinitas-cms.org/plugins/version/plugin:view_counter', 'Count the number of views a row has generated with some reporting available as modules in any plugin', 'MIT', '[]', '0.9', 1, 1, '2012-05-23 22:13:56', '2012-05-23 22:13:56'),
('4ce2a40a-5d8c-4157-b39e-133c6318cd70', 'Configs', 'Configs', 'Infinitas', 'http://infinitas-cms.org', 'infinitas-cms.org/plugins/version/plugin:configs', 'Manage your websites configuration options from the backend', 'MIT', '[]', '0.9', 1, 1, '2012-05-23 22:13:56', '2012-05-23 22:13:56'),
('4ce2a9b1-d348-4200-8828-15fb6318cd70', 'Contents', 'Contents', 'Infinitas', 'http://infinitas-cms.org', 'infinitas-cms.org/plugins/version/plugin:contents', 'Manage all the content on your Infinitas powered website', 'MIT', '[]', '0.9.3', 1, 1, '2012-05-23 22:13:56', '2012-05-23 22:13:56'),
('4cfe3fcf-600c-4ae2-b655-1bbd6318cd70', 'Crons', 'Crons', 'Infinitas', 'http://infinitas-cms.org', 'infinitas-cms.org/plugins/version/plugin:crons', 'Crons plugin manages cronjobs for your application', 'MIT', '[]', '0.9', 1, 1, '2012-05-23 22:13:56', '2012-05-23 22:13:56'),
('4cfe4015-e438-488f-95bb-1bbd6318cd70', 'ServerStatus', 'ServerStatus', 'Infinitas', 'http://infinitas-cms.org', 'infinitas-cms.org/plugins/version/plugin:server_status', 'The server status plugin monitors your servers usage, with the ability to notify via email if anything strange is happening', 'MIT', '[]', '0.9', 1, 1, '2012-05-23 22:13:56', '2012-05-23 22:13:56'),
('4e286dc3-4454-4526-af0a-18876318cd70', 'Charts', 'Charts', 'Infinitas', 'http://infinitas-cms.org', 'infinitas-cms.org/plugins/version/plugin:charts', 'Chart engine used to do the bulk of the work, making it easy to integrate your own custom chart libs''', 'MIT', '[]', '0.9', 1, 1, '2012-05-23 22:13:56', '2012-05-23 22:13:56'),
('4e286f53-c380-4930-8c94-18876318cd70', 'Dev', 'Dev', 'Infinitas', 'http://infinitas-cms.org', 'infinitas-cms.org/plugins/version/plugin:dev', 'Collection of libs and helpers to make development easier. Things like profiling, debugging and more''', 'MIT', '[]', '0.9', 1, 0, '2012-05-23 22:13:56', '2012-05-23 22:13:56'),
('4e287521-1b64-4feb-9e16-21136318cd70', 'Security', 'Security', 'Infinitas', 'http://infinitas-cms.org', 'infinitas-cms.org/plugins/version/plugin:security', 'This plugin handles the security aspects of the site. Things like how authentication works and blocking brute force logins''', 'MIT', '[]', '0.9', 1, 1, '2012-05-23 22:13:56', '2012-05-23 22:13:56'),
('4e28766e-9c54-40a6-818a-224c6318cd70', 'Trash', 'Trash', 'Infinitas', 'http://infinitas-cms.org', 'infinitas-cms.org/plugins/version/plugin:trash', 'Plugin to manage the deleted data on your site', 'MIT', '[]', '0.9', 1, 1, '2012-05-23 22:13:56', '2012-05-23 22:13:56'),
('4e28772d-3420-468b-8cf0-23506318cd70', 'Xhprof', 'Xhprof', 'Infinitas', 'http://infinitas-cms.org', 'infinitas-cms.org/plugins/version/plugin:xhprof', 'Xhprof profiling for your site to help debug issues and speed things up', 'MIT', '[]', '0.9', 1, 0, '2012-05-23 22:13:56', '2012-05-23 22:13:56'),
('4e2df153-2ea0-4f70-84c2-3ca06318cd70', 'Dummy', 'Dummy', 'Infinitas', 'http://infinitas-cms.org', 'infinitas-cms.org/plugins/version/plugin:dummy', 'Generate dummyy data for testing', 'MIT', '[]', '0.9', 1, 0, '2012-05-23 22:13:56', '2012-05-23 22:13:56'),
('4e2df27b-7748-437c-b503-3f406318cd70', 'Twitter', 'Twitter', 'Infinitas', 'http://infinitas-cms.org', 'infinitas-cms.org/plugins/version/plugin:twitter', 'twitter plugin', 'MIT', '[]', '0.9', 1, 0, '2012-05-23 22:13:56', '2012-05-23 22:13:56'),
('4e2df334-f728-439b-ace6-412e6318cd70', 'GeoLocation', 'GeoLocation', 'Infinitas', 'http://infinitas-cms.org', 'infinitas-cms.org/plugins/version/plugin:geo_location', 'Help see where your users are and various ip / location conversion', 'MIT', '[]', '0.9', 1, 1, '2012-05-23 22:13:56', '2012-05-23 22:13:56'),
('4f57d948-2074-4bff-84d3-382b6318cd70', 'Shop', 'Shop', 'Infinitas', 'http://infinitas-cms.org', 'infinitas-cms.org/plugins/version/plugin:shop', 'A shopping cart powered by Infinitas', 'MIT', '[]', '0.9.1', 1, 0, '2012-05-23 22:13:56', '2012-05-23 22:13:56'),
('4f5a7ce3-93f0-40f7-ba86-3a5a6318cd70', 'DebugKit', 'DebugKit', 'Cake Software Foundation', 'http://cakephp.org', 'infinitas-cms.org/plugins/version/plugin:debug_kit', 'DebugKit provides a debugging toolbar and enhanced debugging tools for CakePHP applications.', 'MIT', '[]', '0.9', 1, 0, '2012-05-23 22:13:56', '2012-05-23 22:13:56'),
('4f5d4dcf-005c-4955-a26c-36d86318cd70', 'InfinitasFaq', 'InfinitasFaq', 'Infinitas', 'http://infinitas-cms.org', 'infinitas-cms.org/plugins/version/plugin:infinitas_faq', 'A plugin to create a faq section on your infinitas powered blog', 'MIT', '[]', '0.9', 1, 0, '2012-05-23 22:13:56', '2012-05-23 22:13:56'),
('4fbd77ef-3f74-44c4-ada7-06026318cd70', 'InfinitasDemo', 'InfinitasDemo', 'Infinitas', 'http://infinitas-cms.org', 'infinitas-cms.org/plugins/version/plugin:infinitas_demo', 'A plugin to manage the demo site', 'MIT', '[]', '0.1', 1, 0, '2012-05-23 23:55:31', '2012-05-23 23:55:31');

INSERT INTO `core_routes` (`id`, `core`, `name`, `url`, `prefix`, `plugin`, `controller`, `action`, `values`, `pass`, `rules`, `force_backend`, `force_frontend`, `layout`, `order_id`, `ordering`, `theme_id`, `active`, `created`, `modified`) VALUES
(1, 0, 'Home', '/', NULL, 'contents', 'global_pages', 'display', '{"0":"welcome"}', NULL, '', 0, 0, NULL, 1, 1, NULL, 1, '2012-05-23 22:13:56', '2012-05-23 22:13:56'),
(2, 0, 'Pages', '/pages/*', NULL, 'contents', 'pages', 'display', '', NULL, '', 0, 1, NULL, 1, 2, NULL, 1, '2012-05-23 22:13:56', '2012-05-23 22:13:56'),
(3, 0, 'Contact Form', '/contact', NULL, 'newsletter', 'newsletters', 'contact', '', NULL, '', 0, 1, NULL, 1, 3, NULL, 1, '2012-05-23 22:13:56', '2012-05-23 22:13:56'),
(4, 0, 'Articles', '/articles/*', NULL, 'contents', 'global_categories', 'index', '', NULL, '', 0, 1, NULL, 1, 4, NULL, 1, '2012-05-23 22:13:56', '2012-05-23 22:13:56'),
(5, 0, 'Category View', '/category/:slug', NULL, 'contents', 'global_categories', 'view', '', 'slug', '', 0, 1, NULL, 1, 5, NULL, 1, '2012-05-23 22:13:56', '2012-05-23 22:13:56'),
(6, 0, 'CMS Content View', '/cms/:category/:slug', NULL, 'cms', 'cms_contents', 'view', '', 'category,slug', '', 0, 1, NULL, 1, 6, NULL, 1, '2012-05-23 22:13:56', '2012-05-23 22:13:56'),
(7, 0, 'Blog Post View', '/blog/:category/:slug', NULL, 'blog', 'blog_post', 'view', '', 'category,slug', '', 0, 1, NULL, 1, 7, NULL, 1, '2012-05-23 22:13:56', '2012-05-23 22:13:56'),
(8, 0, 'Blog Post Dates', '/blog/archive/:year/*', NULL, 'blog', 'blog_post', 'index', '', 'year', '{"year":"[1][9]\\d\\d|20[0-9][0-9]"}', 0, 1, NULL, 1, 8, NULL, 1, '2012-05-23 22:13:56', '2012-05-23 22:13:56'),
(9, 0, 'Blog Post Tags', '/blog/tag/:tag', NULL, 'blog', 'blog_post', 'index', '', 'tag', '', 0, 1, NULL, 1, 9, NULL, 1, '2012-05-23 22:13:56', '2012-05-23 22:13:56'),
(10, 0, 'Blog index', '/blog/*', NULL, 'blog', 'blog_post', 'index', '', '', '', 0, 1, NULL, 1, 10, NULL, 1, '2012-05-23 22:13:56', '2012-05-23 22:13:56'),
(11, 0, 'Portfolio View', '/portfolio/:slug', NULL, 'portfolios', 'portfolios', 'view', '', 'slug', '', 0, 1, NULL, 1, 11, NULL, 1, '2012-05-23 22:13:56', '2012-05-23 22:13:56');

INSERT INTO `core_users` (`id`, `username`, `email`, `password`, `facebook_id`, `twitter_id`, `birthday`, `active`, `group_id`, `ip_address`, `browser`, `operating_system`, `last_login`, `last_click`, `country`, `city`, `is_mobile`, `created`, `modified`, `time_zone`, `full_name`, `prefered_name`) VALUES
('4fbd6137-c1d4-4b3c-900f-3ce3b86a9d3f', 'demo', 'demo@infinitas-cms.org', '5655edfd6288828c24290804388a6c6939c7350d', 0, 0, '1980-05-23', 1, 1, '2.124.248.27', 'Safari 535.19', 'Linux', '2012-05-24 00:27:34', '2012-05-24 00:28:04', '', '', 0, '2012-05-23 22:14:15', '2012-05-24 00:11:55', 'UTC', '', '');

INSERT INTO `global_categories` (`id`, `active`, `hide`, `group_id`, `item_count`, `parent_id`, `lft`, `rght`, `path_depth`, `views`, `created`, `modified`) VALUES
('00000000-3394-4e47-0010-000000000000', 1, 0, 1, 0, NULL, 1, 6, 0, 0, '2012-05-23 22:13:54', '2012-05-23 22:13:54'),
('00000000-3394-4e47-0010-000000000001', 1, 0, 1, 0, '00000000-3394-4e47-0010-000000000000', 2, 3, 0, 0, '2012-05-23 22:13:54', '2012-05-23 22:13:54'),
('00000000-3394-4e47-0010-000000000002', 1, 0, 1, 0, '00000000-3394-4e47-0010-000000000000', 4, 5, 0, 0, '2012-05-23 22:13:54', '2012-05-23 22:13:54');

INSERT INTO `global_contents` (`id`, `model`, `foreign_key`, `title`, `slug`, `introduction`, `body`, `image`, `dir`, `full_text_search`, `keyword_density`, `global_category_id`, `meta_keywords`, `meta_description`, `group_id`, `layout_id`, `author_id`, `author_alias`, `editor_id`, `editor_alias`, `canonical_url`, `canonical_redirect`, `created`, `modified`) VALUES
('00000000-3394-4e47-0011-000000000000', 'Contents.GlobalCategory', '00000000-3394-4e47-0010-000000000000', 'Help', 'help', 'Help using infinitas', 'Help using infinitas', NULL, NULL, 'help using infinitas', 0.000, NULL, 'infinitas', 'infinitas', '1', '00000000-3394-4e47-0012-000000000001', NULL, 'Infinitas', NULL, 'Infinitas', NULL, 1, '2012-05-23 22:13:54', '2012-05-23 22:13:54'),
('00000000-3394-4e47-0011-000000000001', 'Contents.GlobalCategory', '00000000-3394-4e47-0010-000000000001', 'Getting Started', 'getting-started', 'Getting started with infinitas', 'Getting started with infinitas', NULL, NULL, 'getting started with infinitas', 0.000, NULL, 'infinitas', 'infinitas', '1', '00000000-3394-4e47-0012-000000000001', NULL, 'Infinitas', NULL, 'Infinitas', NULL, 1, '2012-05-23 22:13:54', '2012-05-23 22:13:54'),
('00000000-3394-4e47-0011-000000000002', 'Contents.GlobalCategory', '00000000-3394-4e47-0010-000000000002', 'Configuration', 'configuration', 'Configuring infinitas', 'Configuring infinitas', NULL, NULL, 'configuring infinitas', 0.000, NULL, 'infinitas', 'infinitas', '1', '00000000-3394-4e47-0012-000000000001', NULL, 'Infinitas', NULL, 'Infinitas', NULL, 1, '2012-05-23 22:13:54', '2012-05-23 22:13:54');

INSERT INTO `global_layouts` (`id`, `name`, `model`, `auto_load`, `css`, `html`, `php`, `content_count`, `theme_id`, `layout`, `created`, `modified`) VALUES
('00000000-3394-4e47-0012-000000000000', 'Category Index', 'Contents.GlobalCateogry', 'index', '', '<div id="main-content-full">\r\n	<h1>Articles</h1>\r\n	<div class="main-ruler"></div>\r\n	<p>Below is a list of the categories that content has been filed under.  Click a category to see content within it.</p>\r\n	<!--<ul class="button-list">\r\n		<li><a href="#" id="button-current">All</a></li>\r\n		<li><a href="#">Websites</a></li>\r\n		<li><a href="#">Branding</a></li>\r\n		<li><a href="#">Illustration</a></li>\r\n		<li><a href="#">Photography</a></li>\r\n	</ul>-->\r\n	<div class="clear"></div>\r\n	<div class="section narrow">\r\n		{{#categories}}\r\n			{{%UNESCAPED}}{{%DOT-NOTATION}}\r\n			<div class="three-col">\r\n				<h3><a href="{{GlobalCategory.url}}">{{GlobalCategory.title}}</a></h3>\r\n				<a href="{{GlobalCategory.url}}" title="{{GlobalCategory.title}}">\r\n					<img class="img-box-large feature-img" alt="{{GlobalCategory.title}}" src="{{GlobalCategory.content_image_path_medium}}" width="276px" height="116px">\r\n				</a>\r\n				<p class="no-pad">{{GlobalCategory.body}}</p>\r\n				<a href="{{GlobalCategory.url}}" class="arrow-link">View Category</a>\r\n			</div>\r\n			<div class="ruler"></div>\r\n		{{/categories}}\r\n	</div>\r\n	<div class="clear"></div>\r\n	{{paginationNavigation}}\r\n</div>', '', 0, NULL, NULL, '2012-05-23 22:13:54', '2012-05-23 22:13:54'),
('00000000-3394-4e47-0012-000000000001', 'Category View', 'Contents.GlobalCateogry', NULL, '', '{{%UNESCAPED}}{{%DOT-NOTATION}} \r\n<div id="post-list">\r\n	<h1>{{category.GlobalCategory.title}}</h1>\r\n	<div class="post-meta">\r\n		<ul>\r\n			<li class="meta-date ie6fix">{{category.GlobalCategory.created}}</li>\r\n			<li class="meta-author ie6fix">{{category.GlobalCategory.author}}</li>\r\n			<li class="meta-items ie6fix">{{category.GlobalCategory.item_count}}</li>\r\n		</ul>\r\n		<div class="clear"></div>				\r\n	</div>\r\n	{{category.GlobalCategory.body}}\r\n	<div class="main-ruler"></div>\r\n</div>', '', 0, NULL, NULL, '2012-05-23 22:13:54', '2012-05-23 22:13:54'),
('00000000-3394-4e47-0012-000000000002', 'Blog Index', 'Blog.BlogPost', 'index', '', '{{%UNESCAPED}}\r\n{{#posts}}\r\n	{{%DOT-NOTATION}}\r\n	<div class="post-list">\r\n		<h1>{{BlogPost.title_link}}</h1>\r\n		<div class="post-meta">\r\n			<ul>\r\n				<li class="meta-date ie6fix">{{BlogPost.created}}</li>\r\n				<li class="meta-author ie6fix">{{BlogPost.author_link}}</li>\r\n				<li class="meta-tag ie6fix">{{BlogPost.module_tags_list}}</li>\r\n				<li class="meta-comments ie6fix"><a href="{{BlogPost.url}}#comments-top">{{BlogPost.module_comment_count}}</a></li>\r\n			</ul>\r\n			<div class="clear"></div>\r\n		</div>\r\n		<img class="img-left" alt="" src="/bitcore/img/post-featured-140x140.jpg">\r\n		<p>{{BlogPost.body}}</p>\r\n		<a class="arrow-link" href="{{BlogPost.url}}">{{infinitasJsData.config.Website.read_more}}</a>\r\n		<div class="clear"></div>\r\n		<div class="main-ruler"></div>\r\n	</div>\r\n{{/posts}}\r\n\r\n{{^posts}}\r\n<div>\r\n	No content found\r\n</div>\r\n{{/posts}}\r\n\r\n{{paginationNavigation}}', '', 0, NULL, NULL, '2012-05-23 22:13:54', '2012-05-23 22:13:54'),
('00000000-3394-4e47-0012-000000000003', 'Blog View', 'Blog.BlogPost', NULL, '', '{{%UNESCAPED}}{{%DOT-NOTATION}} \r\n<div id="post">[snip:Blog.BlogPost#seo-foo-bar]\r\n	<h1>{{post.BlogPost.title}}</h1>\r\n	<div class="post-meta">\r\n		<ul>\r\n			<li class="meta-date ie6fix">{{post.BlogPost.created}}</li>\r\n			<li class="meta-author ie6fix">{{post.BlogPost.author_link}}</li>\r\n			<li class="meta-tag ie6fix">{{post.BlogPost.module_tags_list}}</li>\r\n			<li class="meta-comments ie6fix">{{post.BlogPost.module_comment_count}}</li>\r\n		</ul>\r\n		<div class="clear"></div>				\r\n	</div>\r\n	{{post.BlogPost.body}}\r\n	<div class="main-ruler"></div>\r\n	{{post.BlogPost.author_bio}}\r\n	<div class="afterEvent">{{post.Post.events_after}}</div>\r\n	{{post.BlogPost.module_comments}}\r\n</div>', '', 0, NULL, NULL, '2012-05-23 22:13:54', '2012-05-23 22:13:54'),
('00000000-3394-4e47-0012-000000000004', 'Cms Index', 'Cms.CmsContent', 'index', '', '{{%UNESCAPED}}{{%DOT-NOTATION}}\r\n<div id="post-list">\r\n	<h1>{content.CmsContent.title}</h1>\r\n	<div class="post-meta">\r\n		<ul>\r\n			<li class="meta-date ie6fix">{content.CmsContent.created}</li>\r\n			<li class="meta-author ie6fix">{content.CmsContent.author}</li>\r\n			<li class="meta-tag ie6fix">{content.CmsContent.tags}</li>\r\n			<li class="meta-comments ie6fix">{content.CmsContent.comment_count}</li>\r\n		</ul>\r\n		<div class="clear"></div>				\r\n	</div>\r\n	{content.CmsContent.body}\r\n	<div class="main-ruler"></div>\r\n</div>', '', 0, NULL, NULL, '2012-05-23 22:13:54', '2012-05-23 22:13:54'),
('00000000-3394-4e47-0012-000000000005', 'Cms View', 'Cms.CmsContent', NULL, '', '{{%UNESCAPED}}{{%DOT-NOTATION}}\r\n<div id="post">\r\n	<h1>{{content.CmsContent.title}}</h1>\r\n	<div class="post-meta">\r\n		<ul>\r\n			<li class="meta-date ie6fix">{{content.CmsContent.created}}</li>\r\n			<li class="meta-author ie6fix">{{content.CmsContent.author}}</li>\r\n			<li class="meta-tag ie6fix">{{content.CmsContent.tags}}</li>\r\n			<li class="meta-comments ie6fix">{{content.CmsContent.comment_count}}</li>\r\n		</ul>\r\n		<div class="clear"></div>				\r\n	</div>\r\n	{{content.CmsContent.body}}\r\n	<div class="main-ruler"></div>\r\n</div>', '', 0, NULL, NULL, '2012-05-23 22:13:54', '2012-05-23 22:13:54'),
('00000000-3394-4e47-0012-000000000006', 'Gallery Slider', 'Gallery.Image', NULL, '', '{{%UNESCAPED}}{{%DOT-NOTATION}}\r\n<div id="stage-wrap">\r\n	<div id="stage">\r\n		<div class="anythingSlider">\r\n			<div class="wrapper">\r\n				<ul>\r\n					{{#galleryImages}}\r\n						<li>\r\n							{{#Image.even}}\r\n								<div class="slide-feature round-all fr">{{Image.full_image}}</div>\r\n								<div class="slide-content fl">\r\n									<h2>{{Image.title}}</h2>\r\n									{{Image.body}}\r\n								</div>\r\n							{{/Image.even}}\r\n							{{^Image.even}}\r\n								<div class="slide-feature round-all fl">{{Image.full_image}}</div>\r\n								<div class="slide-content fr">\r\n									<h2>{{Image.title}}</h2>\r\n									{{Image.body}}\r\n								</div>\r\n							{{/Image.even}}\r\n						</li>\r\n					{{/galleryImages}}\r\n				</ul>\r\n			</div>\r\n		</div>\r\n	</div>\r\n</div>', '', 0, NULL, NULL, '2012-05-23 22:13:54', '2012-05-23 22:13:54'),
('00000000-3394-4e47-0012-000000000007', 'Portfolio Index', 'Portfolios.Portfolio', 'index', '', '{{%UNESCAPED}}{{%DOT-NOTATION}}\r\n', '', 0, NULL, NULL, '2012-05-23 22:13:54', '2012-05-23 22:13:54'),
('00000000-3394-4e47-0012-000000000008', 'Portfolio View', 'Portfolios.Portfolio', NULL, '', '{{%UNESCAPED}}{{%DOT-NOTATION}}\r\n', '', 0, NULL, NULL, '2012-05-23 22:13:54', '2012-05-23 22:13:54');

INSERT INTO `schema_migrations` (`id`, `version`, `type`, `created`) VALUES
('4fbd6121-4f58-4c85-980e-38d9b86a9d3f', 1, 'Migrations', '2012-05-23 22:13:53'),
('4fbd6122-1258-4ee1-8db9-38d9b86a9d3f', 1, 'app', '2012-05-23 22:13:54'),
('4fbd6122-19c4-4e26-acca-38d9b86a9d3f', 1, 'Configs', '2012-05-23 22:13:54'),
('4fbd6122-32a0-47e5-9f3c-38d9b86a9d3f', 1, 'Contents', '2012-05-23 22:13:54'),
('4fbd6122-397c-41b3-988c-38d9b86a9d3f', 2, 'Comments', '2012-05-23 22:13:54'),
('4fbd6122-68b4-4f9b-8a64-38d9b86a9d3f', 1, 'Charts', '2012-05-23 22:13:54'),
('4fbd6122-7e94-4a16-bf4b-38d9b86a9d3f', 1, 'Comments', '2012-05-23 22:13:54'),
('4fbd6122-8e90-4339-9232-38d9b86a9d3f', 1, 'Contact', '2012-05-23 22:13:54'),
('4fbd6122-a954-4af6-9012-38d9b86a9d3f', 1, 'Assets', '2012-05-23 22:13:54'),
('4fbd6122-dee4-495a-b6f5-38d9b86a9d3f', 1, 'Backlinks', '2012-05-23 22:13:54'),
('4fbd6122-fd44-4459-967f-38d9b86a9d3f', 1, 'Cms', '2012-05-23 22:13:54'),
('4fbd6122-ff48-45ad-830d-38d9b86a9d3f', 1, 'Blog', '2012-05-23 22:13:54'),
('4fbd6123-0654-49e9-b30e-38d9b86a9d3f', 2, 'Contents', '2012-05-23 22:13:55'),
('4fbd6123-0e20-44e3-b105-38d9b86a9d3f', 1, 'Data', '2012-05-23 22:13:55'),
('4fbd6123-14d8-48c8-8543-38d9b86a9d3f', 1, 'InfinitasFaq', '2012-05-23 22:13:55'),
('4fbd6123-1bc8-4c46-b479-38d9b86a9d3f', 1, 'Events', '2012-05-23 22:13:55'),
('4fbd6123-20c4-45c6-91c3-38d9b86a9d3f', 4, 'Contents', '2012-05-23 22:13:55'),
('4fbd6123-2310-4d14-8d70-38d9b86a9d3f', 1, 'GeoLocation', '2012-05-23 22:13:55'),
('4fbd6123-2fa8-4f9d-8980-38d9b86a9d3f', 1, 'Libs', '2012-05-23 22:13:55'),
('4fbd6123-3bc0-4c6b-b96d-38d9b86a9d3f', 1, 'Dev', '2012-05-23 22:13:55'),
('4fbd6123-5210-42f1-86a8-38d9b86a9d3f', 1, 'Installer', '2012-05-23 22:13:55'),
('4fbd6123-5784-4375-974f-38d9b86a9d3f', 1, 'Management', '2012-05-23 22:13:55'),
('4fbd6123-6424-4846-922e-38d9b86a9d3f', 1, 'Locks', '2012-05-23 22:13:55'),
('4fbd6123-6548-4378-b627-38d9b86a9d3f', 1, 'Filemanager', '2012-05-23 22:13:55'),
('4fbd6123-7414-4bd3-a9e7-38d9b86a9d3f', 1, 'Filter', '2012-05-23 22:13:55'),
('4fbd6123-8d6c-4006-9b2f-38d9b86a9d3f', 1, 'Emails', '2012-05-23 22:13:55'),
('4fbd6123-8d70-48f6-b0ae-38d9b86a9d3f', 3, 'Contents', '2012-05-23 22:13:55'),
('4fbd6123-9448-4407-afac-38d9b86a9d3f', 1, 'Feed', '2012-05-23 22:13:55'),
('4fbd6123-b598-4ded-9913-38d9b86a9d3f', 1, 'Menus', '2012-05-23 22:13:55'),
('4fbd6123-baac-486e-b606-38d9b86a9d3f', 2, 'InfinitasFaq', '2012-05-23 22:13:55'),
('4fbd6123-c448-4602-a2a9-38d9b86a9d3f', 1, 'Gallery', '2012-05-23 22:13:55'),
('4fbd6123-d684-48e8-9a25-38d9b86a9d3f', 2, 'Locks', '2012-05-23 22:13:55'),
('4fbd6123-e838-4ed6-b812-38d9b86a9d3f', 1, 'Dummy', '2012-05-23 22:13:55'),
('4fbd6123-e9bc-4565-92f2-38d9b86a9d3f', 1, 'Crons', '2012-05-23 22:13:55'),
('4fbd6123-eb54-45e0-88a1-38d9b86a9d3f', 1, 'DebugKit', '2012-05-23 22:13:55'),
('4fbd6123-f818-4b0e-9fe1-38d9b86a9d3f', 1, 'Google', '2012-05-23 22:13:55'),
('4fbd6124-09ac-4cf1-87d4-38d9b86a9d3f', 2, 'Themes', '2012-05-23 22:13:56'),
('4fbd6124-1128-4a5f-a271-38d9b86a9d3f', 1, 'WysiwygTinyMce', '2012-05-23 22:13:56'),
('4fbd6124-19bc-4960-84c9-38d9b86a9d3f', 1, 'Security', '2012-05-23 22:13:56'),
('4fbd6124-2488-4af2-8bb5-38d9b86a9d3f', 1, 'Trash', '2012-05-23 22:13:56'),
('4fbd6124-3664-4670-9052-38d9b86a9d3f', 1, 'WysiwygCkEditor', '2012-05-23 22:13:56'),
('4fbd6124-3f7c-420b-8b06-38d9b86a9d3f', 1, 'Users', '2012-05-23 22:13:56'),
('4fbd6124-4a3c-4b18-b2ba-38d9b86a9d3f', 1, 'Thickbox', '2012-05-23 22:13:56'),
('4fbd6124-54bc-4d19-a900-38d9b86a9d3f', 1, 'Themes', '2012-05-23 22:13:56'),
('4fbd6124-5e98-4085-9500-38d9b86a9d3f', 1, 'Webmaster', '2012-05-23 22:13:56'),
('4fbd6124-7144-4ed0-a96f-38d9b86a9d3f', 1, 'ServerStatus', '2012-05-23 22:13:56'),
('4fbd6124-75dc-474e-b5df-38d9b86a9d3f', 1, 'Shop', '2012-05-23 22:13:56'),
('4fbd6124-77cc-4163-b257-38d9b86a9d3f', 1, 'ShortUrls', '2012-05-23 22:13:56'),
('4fbd6124-7e20-46e2-bbb8-38d9b86a9d3f', 1, 'ViewCounter', '2012-05-23 22:13:56'),
('4fbd6124-7f38-40b0-9d3c-38d9b86a9d3f', 1, 'Routes', '2012-05-23 22:13:56'),
('4fbd6124-9e40-44a4-bc75-38d9b86a9d3f', 1, 'Modules', '2012-05-23 22:13:56'),
('4fbd6124-cd7c-4122-94e2-38d9b86a9d3f', 1, 'Newsletter', '2012-05-23 22:13:56'),
('4fbd6124-e5b8-46ef-99d7-38d9b86a9d3f', 1, 'Twitter', '2012-05-23 22:13:56'),
('4fbd6124-e6f0-475c-9cf4-38d9b86a9d3f', 2, 'Routes', '2012-05-23 22:13:56'),
('4fbd6124-f57c-4cdc-9eb3-38d9b86a9d3f', 1, 'Xhprof', '2012-05-23 22:13:56');